replicate,diff_perm,diff_orig
1,-0.002886141,-0.007828723
2,-0.002886141,-0.007828723
3,0.00658714,-0.007828723
4,0.004115849,-0.007828723
5,0.004939613,-0.007828723
6,0.004527731,-0.007828723
7,-0.011123777,-0.007828723
8,-0.01853765,-0.007828723
9,-0.002062378,-0.007828723
10,-0.011535659,-0.007828723
11,-0.010300014,-0.007828723
12,0.001644559,-0.007828723
13,-0.008652487,-0.007828723
14,0.00205644,-0.007828723
15,0.002468322,-0.007828723
16,-0.000826732,-0.007828723
17,-0.00247426,-0.007828723
18,0.014001013,-0.007828723
19,0.004527731,-0.007828723
20,-0.004121787,-0.007828723
21,-0.002886141,-0.007828723
22,0.011529722,-0.007828723
23,0.00205644,-0.007828723
24,0.008234667,-0.007828723
25,0.018531713,-0.007828723
26,-0.00041485,-0.007828723
27,0.014412895,-0.007828723
28,0.001644559,-0.007828723
29,-0.002062378,-0.007828723
30,0.011941604,-0.007828723
31,-0.006181196,-0.007828723
32,0.019767358,-0.007828723
33,0.000408913,-0.007828723
34,0.022238649,-0.007828723
35,0.021826767,-0.007828723
36,-0.00494555,-0.007828723
37,-0.006181196,-0.007828723
38,-0.009888132,-0.007828723
39,0.019767358,-0.007828723
40,-0.010711896,-0.007828723
41,-0.011947541,-0.007828723
42,-0.00041485,-0.007828723
43,-0.006181196,-0.007828723
44,-0.014418832,-0.007828723
45,0.008646549,-0.007828723
46,0.014001013,-0.007828723
47,0.002468322,-0.007828723
48,-0.002062378,-0.007828723
49,-0.003298023,-0.007828723
50,-0.004121787,-0.007828723
51,-0.004533669,-0.007828723
52,-0.002062378,-0.007828723
53,-0.00041485,-0.007828723
54,0.002880204,-0.007828723
55,-0.011947541,-0.007828723
56,0.005351495,-0.007828723
57,0.004527731,-0.007828723
58,-2.97E-06,-0.007828723
59,-0.010711896,-0.007828723
60,-0.019361414,-0.007828723
61,-0.002062378,-0.007828723
62,0.010705958,-0.007828723
63,0.00205644,-0.007828723
64,0.009058431,-0.007828723
65,0.002880204,-0.007828723
66,0.000408913,-0.007828723
67,0.000408913,-0.007828723
68,0.00205644,-0.007828723
69,-0.005769314,-0.007828723
70,0.003292086,-0.007828723
71,0.006999022,-0.007828723
72,-0.006593078,-0.007828723
73,0.020591122,-0.007828723
74,0.004939613,-0.007828723
75,-0.023480232,-0.007828723
76,0.009470313,-0.007828723
77,0.009470313,-0.007828723
78,-0.011123777,-0.007828723
79,-0.005769314,-0.007828723
80,-0.030070341,-0.007828723
81,0.003292086,-0.007828723
82,-0.006181196,-0.007828723
83,-0.003709905,-0.007828723
84,0.013177249,-0.007828723
85,0.006175258,-0.007828723
86,-0.006593078,-0.007828723
87,-0.007828723,-0.007828723
88,-0.01853765,-0.007828723
89,0.004115849,-0.007828723
90,0.008234667,-0.007828723
91,0.006999022,-0.007828723
92,-0.005357432,-0.007828723
93,-0.001238614,-0.007828723
94,0.000820795,-0.007828723
95,-0.014830714,-0.007828723
96,-0.009888132,-0.007828723
97,-0.012771305,-0.007828723
98,-0.016890123,-0.007828723
99,-0.007004959,-0.007828723
100,-0.013595068,-0.007828723
101,0.004115849,-0.007828723
102,-0.002062378,-0.007828723
103,-0.004121787,-0.007828723
104,-0.003298023,-0.007828723
105,-0.017302005,-0.007828723
106,-0.003298023,-0.007828723
107,0.000820795,-0.007828723
108,0.004939613,-0.007828723
109,0.008646549,-0.007828723
110,0.025945585,-0.007828723
111,-0.007828723,-0.007828723
112,-0.013595068,-0.007828723
113,-0.00494555,-0.007828723
114,0.002468322,-0.007828723
115,-0.002886141,-0.007828723
116,-0.006593078,-0.007828723
117,0.004527731,-0.007828723
118,-0.00947625,-0.007828723
119,0.004527731,-0.007828723
120,-0.008240605,-0.007828723
121,-0.001650496,-0.007828723
122,0.010705958,-0.007828723
123,-0.006181196,-0.007828723
124,0.000408913,-0.007828723
125,0.01111784,-0.007828723
126,0.01111784,-0.007828723
127,0.007410904,-0.007828723
128,-0.018125768,-0.007828723
129,0.011941604,-0.007828723
130,0.015236658,-0.007828723
131,-0.002886141,-0.007828723
132,0.021826767,-0.007828723
133,0.005763377,-0.007828723
134,-0.013183186,-0.007828723
135,-0.00247426,-0.007828723
136,-0.00041485,-0.007828723
137,0.004939613,-0.007828723
138,-0.002886141,-0.007828723
139,0.008234667,-0.007828723
140,-0.009888132,-0.007828723
141,0.00205644,-0.007828723
142,0.017296067,-0.007828723
143,0.010294076,-0.007828723
144,-0.003709905,-0.007828723
145,0.002880204,-0.007828723
146,-0.002062378,-0.007828723
147,0.000408913,-0.007828723
148,-0.003298023,-0.007828723
149,0.002468322,-0.007828723
150,-0.004121787,-0.007828723
151,-0.013183186,-0.007828723
152,0.018531713,-0.007828723
153,-2.97E-06,-0.007828723
154,0.009058431,-0.007828723
155,0.010705958,-0.007828723
156,-0.005769314,-0.007828723
157,-0.003709905,-0.007828723
158,-0.003298023,-0.007828723
159,-0.002062378,-0.007828723
160,0.00658714,-0.007828723
161,-0.011535659,-0.007828723
162,-0.001238614,-0.007828723
163,-0.005769314,-0.007828723
164,0.00205644,-0.007828723
165,0.000408913,-0.007828723
166,-0.003709905,-0.007828723
167,-0.00247426,-0.007828723
168,-0.008652487,-0.007828723
169,0.011529722,-0.007828723
170,-0.00041485,-0.007828723
171,-0.006181196,-0.007828723
172,0.007410904,-0.007828723
173,-0.002886141,-0.007828723
174,-0.010711896,-0.007828723
175,0.010294076,-0.007828723
176,-0.011947541,-0.007828723
177,-0.001650496,-0.007828723
178,-0.006593078,-0.007828723
179,0.015236658,-0.007828723
180,0.004115849,-0.007828723
181,-0.011947541,-0.007828723
182,0.005351495,-0.007828723
183,-0.015654477,-0.007828723
184,0.014001013,-0.007828723
185,-0.011123777,-0.007828723
186,-0.006593078,-0.007828723
187,0.005763377,-0.007828723
188,0.006999022,-0.007828723
189,-0.009888132,-0.007828723
190,-0.009888132,-0.007828723
191,-0.007828723,-0.007828723
192,-0.004533669,-0.007828723
193,0.024298058,-0.007828723
194,-0.020185177,-0.007828723
195,-0.007828723,-0.007828723
196,-0.012359423,-0.007828723
197,-0.004121787,-0.007828723
198,-0.003709905,-0.007828723
199,-0.011123777,-0.007828723
200,-0.00041485,-0.007828723
201,0.003292086,-0.007828723
202,0.00205644,-0.007828723
203,0.007410904,-0.007828723
204,-0.000826732,-0.007828723
205,0.002468322,-0.007828723
206,-0.002886141,-0.007828723
207,0.000820795,-0.007828723
208,0.023062412,-0.007828723
209,0.008234667,-0.007828723
210,0.000408913,-0.007828723
211,-0.001650496,-0.007828723
212,-0.003298023,-0.007828723
213,0.002880204,-0.007828723
214,-0.007828723,-0.007828723
215,-0.002062378,-0.007828723
216,0.011941604,-0.007828723
217,-0.007004959,-0.007828723
218,-0.00947625,-0.007828723
219,-0.006181196,-0.007828723
220,0.004527731,-0.007828723
221,0.009882195,-0.007828723
222,-0.005357432,-0.007828723
223,0.022238649,-0.007828723
224,-0.00041485,-0.007828723
225,-0.00247426,-0.007828723
226,0.009058431,-0.007828723
227,0.009470313,-0.007828723
228,-0.01853765,-0.007828723
229,-0.004121787,-0.007828723
230,0.010294076,-0.007828723
231,0.007822786,-0.007828723
232,-0.004533669,-0.007828723
233,0.000820795,-0.007828723
234,0.011529722,-0.007828723
235,-0.025127759,-0.007828723
236,-0.007004959,-0.007828723
237,-0.007828723,-0.007828723
238,0.00658714,-0.007828723
239,0.009882195,-0.007828723
240,0.010705958,-0.007828723
241,0.011529722,-0.007828723
242,-0.005769314,-0.007828723
243,-0.002062378,-0.007828723
244,-0.005769314,-0.007828723
245,-0.002062378,-0.007828723
246,-0.00041485,-0.007828723
247,0.000820795,-0.007828723
248,0.001644559,-0.007828723
249,0.001644559,-0.007828723
250,0.003703968,-0.007828723
251,-0.015654477,-0.007828723
252,0.014412895,-0.007828723
253,-0.006181196,-0.007828723
254,0.003292086,-0.007828723
255,-0.013183186,-0.007828723
256,0.003292086,-0.007828723
257,-0.002062378,-0.007828723
258,-0.002062378,-0.007828723
259,-0.001238614,-0.007828723
260,-0.008652487,-0.007828723
261,0.002468322,-0.007828723
262,0.009470313,-0.007828723
263,-0.00494555,-0.007828723
264,-0.000826732,-0.007828723
265,0.007822786,-0.007828723
266,-0.007004959,-0.007828723
267,-0.007416841,-0.007828723
268,-0.002062378,-0.007828723
269,0.00205644,-0.007828723
270,0.001644559,-0.007828723
271,0.00658714,-0.007828723
272,0.001232677,-0.007828723
273,-0.000826732,-0.007828723
274,-0.009888132,-0.007828723
275,0.004939613,-0.007828723
276,0.002880204,-0.007828723
277,-0.007828723,-0.007828723
278,0.003703968,-0.007828723
279,0.001232677,-0.007828723
280,-0.000826732,-0.007828723
281,-0.002886141,-0.007828723
282,0.00205644,-0.007828723
283,-0.002062378,-0.007828723
284,-0.003709905,-0.007828723
285,0.01111784,-0.007828723
286,-0.00947625,-0.007828723
287,0.014824776,-0.007828723
288,-0.003298023,-0.007828723
289,-0.019773295,-0.007828723
290,0.000408913,-0.007828723
291,-0.00947625,-0.007828723
292,-0.007004959,-0.007828723
293,-0.003298023,-0.007828723
294,-0.004533669,-0.007828723
295,0.01564854,-0.007828723
296,0.013589131,-0.007828723
297,0.002880204,-0.007828723
298,0.018943594,-0.007828723
299,-0.002886141,-0.007828723
300,-0.007416841,-0.007828723
301,0.010705958,-0.007828723
302,0.003292086,-0.007828723
303,-0.00041485,-0.007828723
304,-0.006181196,-0.007828723
305,-0.012771305,-0.007828723
306,-0.011123777,-0.007828723
307,-0.00041485,-0.007828723
308,0.004527731,-0.007828723
309,-0.012359423,-0.007828723
310,-0.015654477,-0.007828723
311,0.00205644,-0.007828723
312,0.001232677,-0.007828723
313,-0.010300014,-0.007828723
314,-0.002886141,-0.007828723
315,0.007410904,-0.007828723
316,0.01111784,-0.007828723
317,0.02017924,-0.007828723
318,0.004115849,-0.007828723
319,-0.007004959,-0.007828723
320,-0.002886141,-0.007828723
321,0.011941604,-0.007828723
322,-0.004121787,-0.007828723
323,0.002880204,-0.007828723
324,-0.002062378,-0.007828723
325,0.012765367,-0.007828723
326,-0.001238614,-0.007828723
327,0.022238649,-0.007828723
328,0.004527731,-0.007828723
329,0.013177249,-0.007828723
330,0.004939613,-0.007828723
331,0.000408913,-0.007828723
332,0.010705958,-0.007828723
333,-0.010300014,-0.007828723
334,0.018531713,-0.007828723
335,0.014824776,-0.007828723
336,0.008234667,-0.007828723
337,-0.01400695,-0.007828723
338,0.001232677,-0.007828723
339,0.004527731,-0.007828723
340,0.000408913,-0.007828723
341,-0.013595068,-0.007828723
342,-0.003709905,-0.007828723
343,0.008234667,-0.007828723
344,0.001644559,-0.007828723
345,-0.026775286,-0.007828723
346,-0.004533669,-0.007828723
347,-0.003709905,-0.007828723
348,-0.007828723,-0.007828723
349,0.000408913,-0.007828723
350,-0.016478241,-0.007828723
351,0.020591122,-0.007828723
352,0.009882195,-0.007828723
353,-0.00247426,-0.007828723
354,0.004115849,-0.007828723
355,0.007410904,-0.007828723
356,-0.001238614,-0.007828723
357,-0.005769314,-0.007828723
358,0.014001013,-0.007828723
359,-0.002062378,-0.007828723
360,0.00205644,-0.007828723
361,0.016472304,-0.007828723
362,-0.002062378,-0.007828723
363,-0.003709905,-0.007828723
364,-0.009064368,-0.007828723
365,0.007410904,-0.007828723
366,-0.006593078,-0.007828723
367,-0.009064368,-0.007828723
368,0.011529722,-0.007828723
369,-0.008652487,-0.007828723
370,-0.018949532,-0.007828723
371,0.004939613,-0.007828723
372,0.016472304,-0.007828723
373,0.009470313,-0.007828723
374,-0.017302005,-0.007828723
375,0.00658714,-0.007828723
376,0.003703968,-0.007828723
377,-0.000826732,-0.007828723
378,0.025945585,-0.007828723
379,0.001644559,-0.007828723
380,-0.017713886,-0.007828723
381,-0.010300014,-0.007828723
382,0.003703968,-0.007828723
383,0.02017924,-0.007828723
384,-0.020597059,-0.007828723
385,0.014001013,-0.007828723
386,-0.00947625,-0.007828723
387,-0.001650496,-0.007828723
388,0.009058431,-0.007828723
389,-0.008652487,-0.007828723
390,0.017296067,-0.007828723
391,0.00205644,-0.007828723
392,-0.004121787,-0.007828723
393,0.003292086,-0.007828723
394,0.018119831,-0.007828723
395,-0.011123777,-0.007828723
396,-0.016478241,-0.007828723
397,-0.003298023,-0.007828723
398,-0.01400695,-0.007828723
399,0.002880204,-0.007828723
400,0.006999022,-0.007828723
401,0.000820795,-0.007828723
402,0.00658714,-0.007828723
403,-0.009064368,-0.007828723
404,-0.002062378,-0.007828723
405,-0.005357432,-0.007828723
406,-0.022656468,-0.007828723
407,-0.008240605,-0.007828723
408,0.010705958,-0.007828723
409,-0.000826732,-0.007828723
410,-0.00041485,-0.007828723
411,0.003703968,-0.007828723
412,0.006175258,-0.007828723
413,0.002880204,-0.007828723
414,-0.006181196,-0.007828723
415,-0.025951522,-0.007828723
416,0.011529722,-0.007828723
417,-0.00247426,-0.007828723
418,0.008234667,-0.007828723
419,-0.021832704,-0.007828723
420,0.001644559,-0.007828723
421,-0.02759905,-0.007828723
422,-0.007828723,-0.007828723
423,-0.004121787,-0.007828723
424,-0.005357432,-0.007828723
425,-0.00947625,-0.007828723
426,-0.002062378,-0.007828723
427,0.002880204,-0.007828723
428,-0.005769314,-0.007828723
429,-0.001238614,-0.007828723
430,-0.005357432,-0.007828723
431,0.03624263,-0.007828723
432,0.017707949,-0.007828723
433,-0.001238614,-0.007828723
434,0.010705958,-0.007828723
435,0.023062412,-0.007828723
436,0.011941604,-0.007828723
437,-0.00947625,-0.007828723
438,0.007822786,-0.007828723
439,-0.009064368,-0.007828723
440,0.006175258,-0.007828723
441,0.00658714,-0.007828723
442,-0.00041485,-0.007828723
443,-0.00041485,-0.007828723
444,-0.00041485,-0.007828723
445,0.010705958,-0.007828723
446,0.00658714,-0.007828723
447,0.007822786,-0.007828723
448,-0.001650496,-0.007828723
449,0.000408913,-0.007828723
450,-0.002062378,-0.007828723
451,-0.001650496,-0.007828723
452,-0.005357432,-0.007828723
453,0.008646549,-0.007828723
454,0.003292086,-0.007828723
455,0.004527731,-0.007828723
456,-0.020597059,-0.007828723
457,0.008646549,-0.007828723
458,0.000820795,-0.007828723
459,0.002880204,-0.007828723
460,0.013177249,-0.007828723
461,-0.009888132,-0.007828723
462,-0.003709905,-0.007828723
463,-0.002062378,-0.007828723
464,0.014412895,-0.007828723
465,0.004527731,-0.007828723
466,0.005763377,-0.007828723
467,0.006999022,-0.007828723
468,0.002880204,-0.007828723
469,-0.001238614,-0.007828723
470,-0.011947541,-0.007828723
471,0.01111784,-0.007828723
472,-0.00041485,-0.007828723
473,0.01564854,-0.007828723
474,0.001644559,-0.007828723
475,-0.004121787,-0.007828723
476,-0.013183186,-0.007828723
477,-0.009064368,-0.007828723
478,-0.009064368,-0.007828723
479,-0.001650496,-0.007828723
480,-0.019773295,-0.007828723
481,0.002468322,-0.007828723
482,0.008234667,-0.007828723
483,-0.018949532,-0.007828723
484,0.010705958,-0.007828723
485,-0.000826732,-0.007828723
486,0.001644559,-0.007828723
487,-0.004533669,-0.007828723
488,0.009882195,-0.007828723
489,-0.010300014,-0.007828723
490,-0.011535659,-0.007828723
491,0.00658714,-0.007828723
492,0.000408913,-0.007828723
493,0.00205644,-0.007828723
494,-0.000826732,-0.007828723
495,0.004939613,-0.007828723
496,-0.004121787,-0.007828723
497,0.003703968,-0.007828723
498,-0.006593078,-0.007828723
499,-0.015654477,-0.007828723
500,-0.012771305,-0.007828723
501,-0.007416841,-0.007828723
502,0.003703968,-0.007828723
503,-0.015242596,-0.007828723
504,-0.005357432,-0.007828723
505,0.002880204,-0.007828723
506,0.001232677,-0.007828723
507,0.006999022,-0.007828723
508,0.012765367,-0.007828723
509,-2.97E-06,-0.007828723
510,-0.013183186,-0.007828723
511,-0.001238614,-0.007828723
512,0.001644559,-0.007828723
513,0.003703968,-0.007828723
514,0.006175258,-0.007828723
515,-0.008240605,-0.007828723
516,-0.006181196,-0.007828723
517,0.004939613,-0.007828723
518,-0.007828723,-0.007828723
519,0.001232677,-0.007828723
520,-0.009888132,-0.007828723
521,-0.001238614,-0.007828723
522,-0.004121787,-0.007828723
523,0.010294076,-0.007828723
524,-0.001238614,-0.007828723
525,-0.00947625,-0.007828723
526,0.01564854,-0.007828723
527,0.002880204,-0.007828723
528,-0.014418832,-0.007828723
529,0.014001013,-0.007828723
530,-0.011123777,-0.007828723
531,-0.006593078,-0.007828723
532,0.002468322,-0.007828723
533,0.000820795,-0.007828723
534,0.005351495,-0.007828723
535,-0.00947625,-0.007828723
536,0.005763377,-0.007828723
537,-0.011947541,-0.007828723
538,0.007822786,-0.007828723
539,0.000820795,-0.007828723
540,0.009882195,-0.007828723
541,-0.013183186,-0.007828723
542,0.000408913,-0.007828723
543,0.012765367,-0.007828723
544,-0.010300014,-0.007828723
545,-2.97E-06,-0.007828723
546,-0.008240605,-0.007828723
547,-0.011535659,-0.007828723
548,-0.011123777,-0.007828723
549,0.00658714,-0.007828723
550,0.002880204,-0.007828723
551,-0.007828723,-0.007828723
552,-0.003709905,-0.007828723
553,0.016472304,-0.007828723
554,0.002468322,-0.007828723
555,0.008234667,-0.007828723
556,-0.00494555,-0.007828723
557,0.008646549,-0.007828723
558,-0.009888132,-0.007828723
559,0.004939613,-0.007828723
560,0.005763377,-0.007828723
561,0.01111784,-0.007828723
562,-0.001650496,-0.007828723
563,-0.001238614,-0.007828723
564,0.006175258,-0.007828723
565,0.008646549,-0.007828723
566,0.011529722,-0.007828723
567,-0.007828723,-0.007828723
568,0.007822786,-0.007828723
569,0.010294076,-0.007828723
570,0.004115849,-0.007828723
571,-2.97E-06,-0.007828723
572,-0.018125768,-0.007828723
573,0.007822786,-0.007828723
574,-0.008240605,-0.007828723
575,0.007410904,-0.007828723
576,-0.008240605,-0.007828723
577,-0.005769314,-0.007828723
578,0.001232677,-0.007828723
579,-0.003709905,-0.007828723
580,0.002468322,-0.007828723
581,-2.97E-06,-0.007828723
582,0.004527731,-0.007828723
583,-0.00041485,-0.007828723
584,0.009882195,-0.007828723
585,0.00205644,-0.007828723
586,-0.00041485,-0.007828723
587,-0.008652487,-0.007828723
588,-0.008652487,-0.007828723
589,0.011941604,-0.007828723
590,0.005351495,-0.007828723
591,-0.012359423,-0.007828723
592,-0.00494555,-0.007828723
593,-0.022656468,-0.007828723
594,-0.005357432,-0.007828723
595,0.005763377,-0.007828723
596,-0.005769314,-0.007828723
597,-0.002062378,-0.007828723
598,0.010705958,-0.007828723
599,-0.005357432,-0.007828723
600,-0.001650496,-0.007828723
601,0.010705958,-0.007828723
602,0.003292086,-0.007828723
603,-0.009888132,-0.007828723
604,0.000408913,-0.007828723
605,0.000820795,-0.007828723
606,-0.003709905,-0.007828723
607,0.004527731,-0.007828723
608,0.002468322,-0.007828723
609,0.01111784,-0.007828723
610,-0.00041485,-0.007828723
611,0.005763377,-0.007828723
612,-0.005357432,-0.007828723
613,-0.007004959,-0.007828723
614,0.003292086,-0.007828723
615,-0.000826732,-0.007828723
616,0.011529722,-0.007828723
617,-0.004533669,-0.007828723
618,0.009058431,-0.007828723
619,0.005763377,-0.007828723
620,-0.01853765,-0.007828723
621,-0.004533669,-0.007828723
622,-0.005769314,-0.007828723
623,-0.016066359,-0.007828723
624,-0.00494555,-0.007828723
625,0.018531713,-0.007828723
626,0.013177249,-0.007828723
627,-0.001650496,-0.007828723
628,0.017707949,-0.007828723
629,0.006175258,-0.007828723
630,0.016060422,-0.007828723
631,0.000820795,-0.007828723
632,0.004527731,-0.007828723
633,-0.007416841,-0.007828723
634,0.013589131,-0.007828723
635,-0.002886141,-0.007828723
636,0.002880204,-0.007828723
637,0.001232677,-0.007828723
638,-0.005769314,-0.007828723
639,-0.007828723,-0.007828723
640,-0.010711896,-0.007828723
641,0.00658714,-0.007828723
642,0.011941604,-0.007828723
643,0.004527731,-0.007828723
644,0.007822786,-0.007828723
645,-0.012359423,-0.007828723
646,-0.000826732,-0.007828723
647,-0.021008941,-0.007828723
648,0.014001013,-0.007828723
649,-0.020597059,-0.007828723
650,-0.003298023,-0.007828723
651,-0.00494555,-0.007828723
652,-0.000826732,-0.007828723
653,-0.006593078,-0.007828723
654,0.001644559,-0.007828723
655,0.013589131,-0.007828723
656,0.006999022,-0.007828723
657,0.003703968,-0.007828723
658,0.008234667,-0.007828723
659,-0.008652487,-0.007828723
660,0.00658714,-0.007828723
661,0.004939613,-0.007828723
662,0.004939613,-0.007828723
663,-0.00041485,-0.007828723
664,-0.012359423,-0.007828723
665,-0.002062378,-0.007828723
666,0.007410904,-0.007828723
667,0.000408913,-0.007828723
668,0.005351495,-0.007828723
669,0.005763377,-0.007828723
670,0.009058431,-0.007828723
671,0.000820795,-0.007828723
672,0.005763377,-0.007828723
673,-0.002886141,-0.007828723
674,-0.010711896,-0.007828723
675,0.017707949,-0.007828723
676,-0.003298023,-0.007828723
677,-0.005769314,-0.007828723
678,-0.002886141,-0.007828723
679,-0.010711896,-0.007828723
680,0.002880204,-0.007828723
681,-0.012771305,-0.007828723
682,-0.004533669,-0.007828723
683,0.009058431,-0.007828723
684,-0.013183186,-0.007828723
685,-2.97E-06,-0.007828723
686,-0.002062378,-0.007828723
687,0.008646549,-0.007828723
688,0.014824776,-0.007828723
689,-0.001238614,-0.007828723
690,0.00658714,-0.007828723
691,0.003703968,-0.007828723
692,0.009470313,-0.007828723
693,0.001644559,-0.007828723
694,-0.001650496,-0.007828723
695,-0.006181196,-0.007828723
696,-0.016066359,-0.007828723
697,0.00658714,-0.007828723
698,-0.020185177,-0.007828723
699,-0.00947625,-0.007828723
700,0.026357467,-0.007828723
701,-0.025127759,-0.007828723
702,-0.010300014,-0.007828723
703,0.001644559,-0.007828723
704,-0.005769314,-0.007828723
705,0.011941604,-0.007828723
706,-0.001650496,-0.007828723
707,0.004115849,-0.007828723
708,-0.003709905,-0.007828723
709,0.004527731,-0.007828723
710,-0.00041485,-0.007828723
711,-0.019361414,-0.007828723
712,0.001644559,-0.007828723
713,0.01111784,-0.007828723
714,-0.014418832,-0.007828723
715,0.012353486,-0.007828723
716,0.003292086,-0.007828723
717,0.000820795,-0.007828723
718,0.012353486,-0.007828723
719,0.00658714,-0.007828723
720,-0.007004959,-0.007828723
721,-0.002886141,-0.007828723
722,0.001644559,-0.007828723
723,-0.00041485,-0.007828723
724,0.007822786,-0.007828723
725,-0.00041485,-0.007828723
726,0.002880204,-0.007828723
727,0.005351495,-0.007828723
728,-0.007004959,-0.007828723
729,0.00205644,-0.007828723
730,-0.022656468,-0.007828723
731,-0.006593078,-0.007828723
732,-0.016478241,-0.007828723
733,-0.001238614,-0.007828723
734,-0.013183186,-0.007828723
735,0.01111784,-0.007828723
736,0.00205644,-0.007828723
737,-0.023480232,-0.007828723
738,-0.006181196,-0.007828723
739,-0.00494555,-0.007828723
740,0.007410904,-0.007828723
741,0.002468322,-0.007828723
742,-0.007416841,-0.007828723
743,-0.009064368,-0.007828723
744,-0.002062378,-0.007828723
745,0.003292086,-0.007828723
746,-0.007828723,-0.007828723
747,0.007410904,-0.007828723
748,0.001232677,-0.007828723
749,-0.00947625,-0.007828723
750,0.012765367,-0.007828723
751,0.00205644,-0.007828723
752,-0.00947625,-0.007828723
753,0.011529722,-0.007828723
754,0.001232677,-0.007828723
755,-0.013183186,-0.007828723
756,0.014001013,-0.007828723
757,0.017707949,-0.007828723
758,0.016884185,-0.007828723
759,-0.011947541,-0.007828723
760,-0.002062378,-0.007828723
761,0.002468322,-0.007828723
762,-0.007416841,-0.007828723
763,-0.011123777,-0.007828723
764,0.001644559,-0.007828723
765,0.013589131,-0.007828723
766,0.006175258,-0.007828723
767,0.009470313,-0.007828723
768,0.006175258,-0.007828723
769,-0.008652487,-0.007828723
770,0.005763377,-0.007828723
771,-0.001238614,-0.007828723
772,-0.003709905,-0.007828723
773,-0.006593078,-0.007828723
774,-0.026775286,-0.007828723
775,-0.012771305,-0.007828723
776,-0.005357432,-0.007828723
777,-0.004533669,-0.007828723
778,0.01111784,-0.007828723
779,-0.005769314,-0.007828723
780,-0.011535659,-0.007828723
781,0.009882195,-0.007828723
782,-0.002886141,-0.007828723
783,0.016884185,-0.007828723
784,0.007822786,-0.007828723
785,0.001232677,-0.007828723
786,-0.005357432,-0.007828723
787,0.000408913,-0.007828723
788,-0.007004959,-0.007828723
789,-0.008652487,-0.007828723
790,-0.019361414,-0.007828723
791,0.00658714,-0.007828723
792,-0.020185177,-0.007828723
793,0.008234667,-0.007828723
794,-0.009064368,-0.007828723
795,0.011529722,-0.007828723
796,0.00658714,-0.007828723
797,-0.006593078,-0.007828723
798,0.008646549,-0.007828723
799,0.00658714,-0.007828723
800,0.000820795,-0.007828723
801,-0.012771305,-0.007828723
802,0.001644559,-0.007828723
803,-0.000826732,-0.007828723
804,0.000820795,-0.007828723
805,-0.018125768,-0.007828723
806,0.008234667,-0.007828723
807,0.018119831,-0.007828723
808,0.003292086,-0.007828723
809,0.011941604,-0.007828723
810,-0.008652487,-0.007828723
811,0.000820795,-0.007828723
812,0.021826767,-0.007828723
813,0.019355476,-0.007828723
814,-0.016890123,-0.007828723
815,0.00658714,-0.007828723
816,-0.00947625,-0.007828723
817,0.010705958,-0.007828723
818,-0.003298023,-0.007828723
819,0.008234667,-0.007828723
820,-0.007828723,-0.007828723
821,0.013589131,-0.007828723
822,0.003292086,-0.007828723
823,0.014824776,-0.007828723
824,0.006175258,-0.007828723
825,0.009470313,-0.007828723
826,0.006999022,-0.007828723
827,-0.011947541,-0.007828723
828,0.004939613,-0.007828723
829,0.014412895,-0.007828723
830,-0.00947625,-0.007828723
831,-0.00247426,-0.007828723
832,-2.97E-06,-0.007828723
833,0.000408913,-0.007828723
834,-0.021832704,-0.007828723
835,-0.014418832,-0.007828723
836,0.004939613,-0.007828723
837,-0.004121787,-0.007828723
838,-0.017713886,-0.007828723
839,0.013177249,-0.007828723
840,0.005351495,-0.007828723
841,0.001644559,-0.007828723
842,0.005351495,-0.007828723
843,0.00205644,-0.007828723
844,0.007822786,-0.007828723
845,-0.003709905,-0.007828723
846,0.008646549,-0.007828723
847,0.004939613,-0.007828723
848,-0.010711896,-0.007828723
849,-0.008240605,-0.007828723
850,0.005763377,-0.007828723
851,-0.015654477,-0.007828723
852,-0.019773295,-0.007828723
853,0.003703968,-0.007828723
854,0.015236658,-0.007828723
855,0.015236658,-0.007828723
856,0.009058431,-0.007828723
857,0.003703968,-0.007828723
858,0.006999022,-0.007828723
859,-0.002886141,-0.007828723
860,0.014412895,-0.007828723
861,0.01111784,-0.007828723
862,0.003703968,-0.007828723
863,-0.00494555,-0.007828723
864,-0.00247426,-0.007828723
865,-0.001650496,-0.007828723
866,-0.009064368,-0.007828723
867,0.001644559,-0.007828723
868,0.017296067,-0.007828723
869,-0.008652487,-0.007828723
870,0.017296067,-0.007828723
871,0.021414885,-0.007828723
872,0.021826767,-0.007828723
873,0.018119831,-0.007828723
874,-0.004533669,-0.007828723
875,0.009882195,-0.007828723
876,0.005763377,-0.007828723
877,0.008646549,-0.007828723
878,0.003292086,-0.007828723
879,0.014001013,-0.007828723
880,-0.010711896,-0.007828723
881,-0.000826732,-0.007828723
882,0.006999022,-0.007828723
883,0.004115849,-0.007828723
884,0.008234667,-0.007828723
885,-0.015242596,-0.007828723
886,0.01111784,-0.007828723
887,0.009882195,-0.007828723
888,0.006175258,-0.007828723
889,0.012765367,-0.007828723
890,-0.00041485,-0.007828723
891,-0.014418832,-0.007828723
892,0.005351495,-0.007828723
893,-0.007004959,-0.007828723
894,-0.009064368,-0.007828723
895,-0.004121787,-0.007828723
896,0.00658714,-0.007828723
897,0.004939613,-0.007828723
898,0.006175258,-0.007828723
899,-0.003298023,-0.007828723
900,0.009470313,-0.007828723
901,-0.012359423,-0.007828723
902,0.009058431,-0.007828723
903,-0.002062378,-0.007828723
904,0.005763377,-0.007828723
905,0.008234667,-0.007828723
906,-0.015242596,-0.007828723
907,0.000820795,-0.007828723
908,0.009470313,-0.007828723
909,-0.009064368,-0.007828723
910,0.003703968,-0.007828723
911,-0.00041485,-0.007828723
912,0.000408913,-0.007828723
913,-0.014830714,-0.007828723
914,0.012765367,-0.007828723
915,-0.00247426,-0.007828723
916,-0.00947625,-0.007828723
917,0.003292086,-0.007828723
918,0.010705958,-0.007828723
919,0.011529722,-0.007828723
920,-0.007828723,-0.007828723
921,0.016884185,-0.007828723
922,-0.020185177,-0.007828723
923,-0.006593078,-0.007828723
924,-0.008240605,-0.007828723
925,0.004527731,-0.007828723
926,-0.00247426,-0.007828723
927,-0.005769314,-0.007828723
928,-0.001650496,-0.007828723
929,-0.007004959,-0.007828723
930,0.009470313,-0.007828723
931,0.007410904,-0.007828723
932,0.001644559,-0.007828723
933,-0.014830714,-0.007828723
934,0.001232677,-0.007828723
935,0.009470313,-0.007828723
936,-0.001650496,-0.007828723
937,-0.010300014,-0.007828723
938,0.009882195,-0.007828723
939,0.000820795,-0.007828723
940,-0.006181196,-0.007828723
941,-0.005357432,-0.007828723
942,0.000820795,-0.007828723
943,-0.001650496,-0.007828723
944,-0.016478241,-0.007828723
945,0.017296067,-0.007828723
946,0.007410904,-0.007828723
947,0.001232677,-0.007828723
948,-0.00041485,-0.007828723
949,0.003703968,-0.007828723
950,-0.00041485,-0.007828723
951,0.004115849,-0.007828723
952,-0.00247426,-0.007828723
953,-0.015242596,-0.007828723
954,0.009058431,-0.007828723
955,0.00205644,-0.007828723
956,0.002880204,-0.007828723
957,0.003292086,-0.007828723
958,0.00658714,-0.007828723
959,-0.005769314,-0.007828723
960,0.008234667,-0.007828723
961,0.006175258,-0.007828723
962,0.006999022,-0.007828723
963,-0.002886141,-0.007828723
964,0.010705958,-0.007828723
965,0.008646549,-0.007828723
966,0.015236658,-0.007828723
967,-0.008240605,-0.007828723
968,-0.009064368,-0.007828723
969,-0.003709905,-0.007828723
970,0.008646549,-0.007828723
971,0.013177249,-0.007828723
972,-0.002886141,-0.007828723
973,-0.003298023,-0.007828723
974,-0.00247426,-0.007828723
975,-0.001650496,-0.007828723
976,-0.018125768,-0.007828723
977,0.006175258,-0.007828723
978,0.01111784,-0.007828723
979,0.008646549,-0.007828723
980,0.003292086,-0.007828723
981,0.000820795,-0.007828723
982,-0.011123777,-0.007828723
983,-0.005357432,-0.007828723
984,-0.00041485,-0.007828723
985,0.00658714,-0.007828723
986,-0.011535659,-0.007828723
987,-0.016066359,-0.007828723
988,-0.014830714,-0.007828723
989,-0.00494555,-0.007828723
990,0.006999022,-0.007828723
991,0.007410904,-0.007828723
992,-0.018949532,-0.007828723
993,-0.009064368,-0.007828723
994,0.005351495,-0.007828723
995,0.008234667,-0.007828723
996,-0.009064368,-0.007828723
997,0.004115849,-0.007828723
998,0.006175258,-0.007828723
999,-0.004121787,-0.007828723
1000,0.013589131,-0.007828723
